<?xml version="1.0" encoding="UTF-8"?>
<hibernate-configuration>
<session-factory>
<property name="hibernate.connection.driver_class">com.mysql.cj.jdbc.Driver</property>
<property name="hibernate.connection.password">root</property>
<property name="hibernate.connection.url">jdbc:mysql://localhost:3306/hrushi_db</property>
<property name="hibernate.connection.username">root</property>
<property name="hibernate.default_schema">hrushi_db</property>
<property name="hbm2ddl.auto">update</property>
<property name="show_sql">true</property>
<property name="hibernate.dialect">org.hibernate.dialect.MySQLDialect</property>
</session-factory>
</hibernate-configuration>
